SPY,^DJI,IYR,^VIX,SH,SDS
0.9999996474214298,9.625605341373723e-08,7.123678349941092e-08,1.879490809957671e-07,6.011194273702871e-09,-1.7695042113576615e-09
