CEMI,MRIN,NIO,NFLX,CMG
0.1380008730306235,0.05564841849297325,0.02804595516293902,0.2691810168657689,0.5091237364476953
