SPY,^DJI,IYR,^VIX,SH,SDS
0.6111800559168362,0.004748349446392547,0.006000067453886268,0.04388883047744584,0.32052939219248966,0.013653304512950179
