SPY,^DJI,IYR,^VIX,SH,SDS
0.8539379372323769,0.0015900821651838024,0.001639031722690514,0.13421172268209236,0.006932879592063184,0.001688346605557383
