CEMI,MRIN,NIO,NFLX,CMG
1.7081183091676723e-08,2.061329908052554e-08,0.9999999229982084,2.3250152207151435e-08,2.2957967051213427e-08
