SPY,^DJI,IYR,^VIX,SH,SDS
0.5060905685404224,0.026648010718148235,0.011063391964451212,0.004875147923604454,0.37749303448724003,0.07382984636612949
