GLD,SPY,^DJI,IYR,^VIX,SH,SDS
0.0146251574968234,0.5314922222460118,-0.002834054331474674,-0.033130907296646285,0.01070817809723225,0.5140333986741112,-0.034893994886057766
