CEMI,MRIN,NIO,NFLX,CMG
0.1144937892816834,0.023499380324541443,0.021386617238172742,0.26476445633155393,0.5758557568240489
