CEMI,MRIN,NIO,NFLX,CMG
1.4666547618383192e-08,3.127573277033133e-09,1.0719706692163114e-08,3.244958336570847e-08,0.9999999421920268
